Bait Gene,Bait_uniprot,Prey_uniprot,article,Prey Gene,Bait_SaPS-10fea,Bait_PdPS-10fea,Prey_SaPS-10fea,Prey_PdPS-10fea,cos.sim
DDX1,Q92499,Q13616,29395067,CUL1,0.388328939676284,0.785437881946563,0.10184387117624201,0.41862350702285706,0.5394812226295471
DDX1,Q92499,Q8NB46,29395067,ANKRD52,0.388328939676284,0.785437881946563,0.10190691053867301,0.22405306994915003,0.5751493573188782
DDX1,Q92499,Q6P3S6,29395067,FBXO42,0.388328939676284,0.785437881946563,0.48782262206077504,0.7317566275596611,0.37001052498817444
DDX1,Q92499,P12277,29395067,CKB,0.388328939676284,0.785437881946563,0.6402564644813531,0.9374583959579461,0.3769511580467224
DDX1,Q92499,P49257,29395067,LMAN1,0.388328939676284,0.785437881946563,0.12342743575572901,0.39322596788406305,0.5167454481124878
DDX1,Q92499,Q9H6R7,29395067,WDCP,0.388328939676284,0.785437881946563,0.13237705826759302,0.23433347046375202,0.5917531847953796
