Bait Gene,Bait_uniprot,Prey_uniprot,article,Prey Gene,Bait_SaPS-10fea,Bait_PdPS-10fea,Prey_SaPS-10fea,Prey_PdPS-10fea,cos.sim
CNOT1,A5YKK6,Q86WP2,29395067,GPBP1,0.16742576658725702,0.152645871043205,0.9238476753234861,0.8661590814590451,0.4817958474159241
CNOT1,A5YKK6,Q13509,29395067,TUBB3,0.16742576658725702,0.152645871043205,0.47563034296035706,0.74043333530426,0.3444826006889343
CNOT1,A5YKK6,Q99460,29395067,PSMD1,0.16742576658725702,0.152645871043205,0.202228635549545,0.215206310153007,0.5365809202194214
CNOT1,A5YKK6,P78312,29395067,FAM193A,0.16742576658725702,0.152645871043205,0.262545526027679,0.46085977554321206,0.6108303070068359
CNOT1,A5YKK6,O43396,29395067,TXNL1,0.16742576658725702,0.152645871043205,0.280564069747924,0.82830411195755,0.5628441572189331
CNOT1,A5YKK6,Q96PV7,29395067,FAM193B,0.16742576658725702,0.152645871043205,0.318145602941513,0.35264891386032104,0.47689780592918396
CNOT1,A5YKK6,O94832,29395067,MYO1D,0.16742576658725702,0.152645871043205,0.423136949539184,0.6698923707008361,0.4694836139678955
CNOT1,A5YKK6,Q9UKM9,29395067,RALY,0.16742576658725702,0.152645871043205,0.9132841229438781,0.9478238821029661,0.5743321180343628
