,Bait Gene,Prey Gene,Bait_uniprot,Prey_uniprot,Bait_SaPS-10fea,Bait_PdPS-10fea,Prey_SaPS-10fea,Prey_PdPS-10fea
113490,RC3H2,CTNNAL1,Q9HBD1,Q9UBT7,0.380768567323684,0.385693252086639,0.0518639087677,0.18188011646270702
113632,RC3H2,FAM120A,Q9HBD1,Q9NZB2,0.380768567323684,0.385693252086639,0.8501178622245781,0.8586925268173211
113738,RC3H2,HYOU1,Q9HBD1,Q9Y4L1,0.380768567323684,0.385693252086639,0.06670741736888801,0.7952891588211061
113743,RC3H2,IGF2BP2,Q9HBD1,Q9Y6M1,0.380768567323684,0.385693252086639,0.7169618606567381,0.877931773662567
114093,RC3H2,RC3H1,Q9HBD1,Q5TC82,0.380768567323684,0.385693252086639,0.473352253437042,0.488165706396102
114325,RC3H2,TDRD3,Q9HBD1,Q9H7E2,0.380768567323684,0.385693252086639,0.8975397944450371,0.883250415325164
114352,RC3H2,TOP3B,Q9HBD1,O95985,0.380768567323684,0.385693252086639,0.05074363946914601,0.062615826725959
