Prey Gene,Bait Gene,Prey_uniprot,Bait_uniprot,Bait_SaPS-10fea,Bait_PdPS-10fea,Prey_SaPS-10fea,Prey_PdPS-10fea
LZTS2,PAX4,Q9BRK4,O96013,0.8508417010307311,0.545277178287506,0.760938048362731,0.65320861339569
DLG5,PAX4,Q8TDM6,O96013,0.8508417010307311,0.545277178287506,0.756116449832916,0.714307785034179
CCDC85C,PAX4,A6NKD9,O96013,0.8508417010307311,0.545277178287506,0.8375329971313471,0.7422696352005
PPFIBP1,PAX4,Q86W92,O96013,0.8508417010307311,0.545277178287506,0.833733856678009,0.9220926165580751
TJP1,PAX4,Q07157,O96013,0.8508417010307311,0.545277178287506,0.9402920603752131,0.915646255016326
SIPA1L1,PAX4,O43166,O96013,0.8508417010307311,0.545277178287506,0.8946338891983031,0.934530854225158
SHROOM2,PAX4,Q13796,O96013,0.8508417010307311,0.545277178287506,0.879484772682189,0.566069781780242
TP53BP2,PAX4,Q13625,O96013,0.8508417010307311,0.545277178287506,0.8862060308456421,0.8923603296279901
RASSF7,PAX4,Q02833,O96013,0.8508417010307311,0.545277178287506,0.07590013742446901,0.077572889626026
KANK2,PAX4,Q63ZY3,O96013,0.8508417010307311,0.545277178287506,0.6990314126014711,0.444422960281372
TJP2,PAX4,Q9UDY2,O96013,0.8508417010307311,0.545277178287506,0.9446396827697751,0.959779918193817
SCRIB,PAX4,Q14160,O96013,0.8508417010307311,0.545277178287506,0.7628489136695861,0.835612595081329
DOCK7,PAX4,Q96N67,O96013,0.8508417010307311,0.545277178287506,0.694895446300506,0.79361480474472
PARD3,PAX4,Q8TEW0,O96013,0.8508417010307311,0.545277178287506,0.943813920021057,0.9579284787178041
CTNND1,PAX4,O60716,O96013,0.8508417010307311,0.545277178287506,0.869763553142547,0.9520522356033321
ZC3HAV1,PAX4,Q7Z2W4,O96013,0.8508417010307311,0.545277178287506,0.832865834236145,0.9480621218681331
NUMBL,PAX4,Q9Y6R0,O96013,0.8508417010307311,0.545277178287506,0.8937309384346,0.6848700642585751
EFR3A,PAX4,Q14156,O96013,0.8508417010307311,0.545277178287506,0.063613139092922,0.13908623158931702
PHACTR4,PAX4,Q8IZ21,O96013,0.8508417010307311,0.545277178287506,0.8080450296401971,0.9259374737739561
DLG1,PAX4,Q12959,O96013,0.8508417010307311,0.545277178287506,0.7253642082214351,0.9143344163894651
ECD,PAX4,O95905,O96013,0.8508417010307311,0.545277178287506,0.13158987462520602,0.593300521373748
EPHA2,PAX4,P29317,O96013,0.8508417010307311,0.545277178287506,0.48222407698631203,0.455854594707489
