Prey Gene,Bait Gene,Prey_uniprot,Bait_uniprot,Bait_SaPS-10fea,Bait_PdPS-10fea,Prey_SaPS-10fea,Prey_PdPS-10fea
SYNPO,βarr1,A7MD96,P32121,0.04985112696886,0.31100374460220304,,
TAOK1,βarr1,Q7L7X3,P32121,0.04985112696886,0.31100374460220304,0.8428133726119991,0.9514271616935731
SNX9,βarr1,Q9Y5X1,P32121,0.04985112696886,0.31100374460220304,0.7916758656501771,0.7847633361816401
DHCR24,βarr1,Q15392,P32121,0.04985112696886,0.31100374460220304,0.179614648222923,0.126066535711288
BZW2,βarr1,Q9Y6E2,P32121,0.04985112696886,0.31100374460220304,0.13541725277900601,0.5903525352478021
NEXN,βarr1,Q0ZGT2,P32121,0.04985112696886,0.31100374460220304,0.673661530017852,0.8370562791824341
CAP2,βarr1,P40123,P32121,0.04985112696886,0.31100374460220304,0.23896265029907202,0.24126076698303203
ARAP1,βarr1,Q96P48,P32121,0.04985112696886,0.31100374460220304,0.6250984668731691,0.813811182975769
VAC14 ,βarr1,Q08AM6,P32121,0.04985112696886,0.31100374460220304,0.052365768700838006,0.09021700918674401
HPCAL1,βarr1,P37235,P32121,0.04985112696886,0.31100374460220304,0.730151534080505,0.707219362258911
WDR33,βarr1,Q9C0J8,P32121,0.04985112696886,0.31100374460220304,0.868471622467041,0.7702869176864621
RPL37,βarr1,P61927,P32121,0.04985112696886,0.31100374460220304,0.5338947772979731,0.6034498810768121
