Prey Gene,Bait Gene,Prey_uniprot,Bait_uniprot,Bait_SaPS-10fea,Bait_PdPS-10fea,Prey_SaPS-10fea,Prey_PdPS-10fea
PLOD2,LOX,O00469,P28300,0.37857633829116805,0.06421366333961401,0.050595141947269,0.26364320516586304
ERAP1,LOX,Q9NZ08,P28300,0.37857633829116805,0.06421366333961401,0.044632516801357006,0.038006953895092004
TGFB2,LOX,P61812,P28300,0.37857633829116805,0.06421366333961401,0.046972729265689,0.20874199271202
ERP29,LOX,P30040,P28300,0.37857633829116805,0.06421366333961401,0.331331491470336,0.250903904438018
MLEC,LOX,Q14165,P28300,0.37857633829116805,0.06421366333961401,0.06906276196241301,0.19070532917976302
NCEH1,LOX,Q6PIU2,P28300,0.37857633829116805,0.06421366333961401,0.06662898510694501,0.06545889377593901
MYDGF,LOX,Q969H8,P28300,0.37857633829116805,0.06421366333961401,0.158564895391464,0.126136749982833
CALU,LOX,O43852,P28300,0.37857633829116805,0.06421366333961401,0.8465561866760251,0.8176499605178831
PDIA3,LOX,P30101,P28300,0.37857633829116805,0.06421366333961401,0.812806963920593,0.9501544237136841
LOXL4,LOX,Q96JB6,P28300,0.37857633829116805,0.06421366333961401,0.061970937997102,0.0677490234375
TOR1A,LOX,O14656,P28300,0.37857633829116805,0.06421366333961401,0.11889040470123201,0.035497914999723004
PDIA4,LOX,P13667,P28300,0.37857633829116805,0.06421366333961401,0.7911778688430781,0.959105491638183
ERO1A,LOX,Q96HE7,P28300,0.37857633829116805,0.06421366333961401,0.10966056585311801,0.684506356716156
ERO1B,LOX,Q86YB8,P28300,0.37857633829116805,0.06421366333961401,0.052680701017379004,0.6214280128479001
PDIA5,LOX,Q14554,P28300,0.37857633829116805,0.06421366333961401,0.07555232197046201,0.06604079902172001
SPCS3,LOX,P61009,P28300,0.37857633829116805,0.06421366333961401,0.11485538631677601,0.051198713481426
CNPY3,LOX,Q9BT09,P28300,0.37857633829116805,0.06421366333961401,0.8050327301025391,0.7089295387268061
PRDX4,LOX,Q13162,P28300,0.37857633829116805,0.06421366333961401,0.07951811701059301,0.071025870740413
PDIA6,LOX,Q15084,P28300,0.37857633829116805,0.06421366333961401,0.44097486138343805,0.6057357192039491
HYOU1,LOX,Q9Y4L1,P28300,0.37857633829116805,0.06421366333961401,0.06670741736888801,0.7952891588211061
CRTAP,LOX,O75718,P28300,0.37857633829116805,0.06421366333961401,0.056177429854869,0.087433747947216
GANAB,LOX,Q14697,P28300,0.37857633829116805,0.06421366333961401,0.391000539064407,0.7964879274368281
