Prey Gene,Bait Gene,Prey_uniprot,Bait_uniprot,Bait_SaPS-10fea,Bait_PdPS-10fea,Prey_SaPS-10fea,Prey_PdPS-10fea
HMGB1_HUMAN,cGAS,P09429,Q8N884,0.657121002674102,0.9321599006652831,0.875457167625427,0.8053451776504511
TUT7_HUMAN,cGAS,Q5VYS8,Q8N884,0.657121002674102,0.9321599006652831,0.122254014015197,0.7805716395378111
AURKA_HUMAN,cGAS,O14965,Q8N884,0.657121002674102,0.9321599006652831,0.748830914497375,0.7833765149116511
DICER_HUMAN,cGAS,Q9UPY3,Q8N884,0.657121002674102,0.9321599006652831,0.15403845906257602,0.796393752098083
ARIP4_HUMAN,cGAS,Q9Y4B4,Q8N884,0.657121002674102,0.9321599006652831,0.166186794638633,0.30538418889045704
MYO19_HUMAN,cGAS,Q96H55,Q8N884,0.657121002674102,0.9321599006652831,0.045503310859203006,0.054879836738109006
OTUD3_HUMAN,cGAS,Q5T2D3,Q8N884,0.657121002674102,0.9321599006652831,0.07336269319057401,0.35207769274711603
CENPC_HUMAN,cGAS,Q03188,Q8N884,0.657121002674102,0.9321599006652831,0.879465699195861,0.964263260364532
MAEA_HUMAN,cGAS,Q7L5Y9,Q8N884,0.657121002674102,0.9321599006652831,0.045495711266994004,0.242237955331802
NSA2_HUMAN,cGAS,O95478,Q8N884,0.657121002674102,0.9321599006652831,0.052443616092205006,0.24918732047080902
CC127_HUMAN,cGAS,Q96BQ5,Q8N884,0.657121002674102,0.9321599006652831,0.04824947938323,0.267999321222305
MIER1_HUMAN,cGAS,Q8N108,Q8N884,0.657121002674102,0.9321599006652831,0.875038027763366,0.868312835693359
CLK2_HUMAN,cGAS,P49760,Q8N884,0.657121002674102,0.9321599006652831,0.913321375846862,0.933229744434356
IF1AX_HUMAN,cGAS,P47813,Q8N884,0.657121002674102,0.9321599006652831,0.7098233103752131,0.7269992828369141
CENPT_HUMAN,cGAS,Q96BT3,Q8N884,0.657121002674102,0.9321599006652831,0.7496563196182251,0.5053832530975341
