,Bait Gene,Bait_uniprot,Prey_uniprot,article,Prey Gene,Bait_SaPS-10fea,Bait_PdPS-10fea,Prey_SaPS-10fea,Prey_PdPS-10fea,cos.sim
0,RC3H2,Q9HBD1,Q9UBT7,29395067,CTNNAL1,0.380768567323684,0.385693252086639,0.0518639087677,0.181880116462707,0.4703966677188873
1,RC3H2,Q9HBD1,Q9Y6M1,29395067,IGF2BP2,0.380768567323684,0.385693252086639,0.7169618606567381,0.877931773662567,0.6779366731643677
2,RC3H2,Q9HBD1,O95985,29395067,TOP3B,0.380768567323684,0.385693252086639,0.050743639469146,0.062615826725959,0.4951254725456238
3,RC3H2,Q9HBD1,Q9NZB2,29395067,FAM120A,0.380768567323684,0.385693252086639,0.8501178622245781,0.8586925268173211,0.6442371606826782
4,RC3H2,Q9HBD1,Q5TC82,29395067,RC3H1,0.380768567323684,0.385693252086639,0.473352253437042,0.488165706396102,0.6650652289390564
5,RC3H2,Q9HBD1,Q9H7E2,29395067,TDRD3,0.380768567323684,0.385693252086639,0.8975397944450371,0.883250415325164,0.7588397264480591
6,RC3H2,Q9HBD1,Q9Y4L1,29395067,HYOU1,0.380768567323684,0.385693252086639,0.066707417368888,0.7952891588211061,0.5134808421134949
