,Bait Gene,Bait_uniprot,Prey_uniprot,article,Prey Gene,Bait_SaPS-10fea,Bait_PdPS-10fea,Prey_SaPS-10fea,Prey_PdPS-10fea,cos.sim
0,βarr1,P32121,Q9Y6E2,36834700,BZW2,0.04985112696886,0.311003744602203,0.135417252779006,0.5903525352478021,0.3329041004180908
1,βarr1,P32121,Q08AM6,36834700,VAC14,0.04985112696886,0.311003744602203,0.052365768700838,0.090217009186744,0.3697732985019684
2,βarr1,P32121,Q15392,36834700,DHCR24,0.04985112696886,0.311003744602203,0.179614648222923,0.126066535711288,0.3636272549629211
3,βarr1,P32121,Q0ZGT2,36834700,NEXN,0.04985112696886,0.311003744602203,0.673661530017852,0.8370562791824341,0.5846877694129944
4,βarr1,P32121,P37235,36834700,HPCAL1,0.04985112696886,0.311003744602203,0.730151534080505,0.707219362258911,0.3436602652072906
5,βarr1,P32121,P61927,36834700,RPL37,0.04985112696886,0.311003744602203,0.5338947772979731,0.6034498810768121,0.4615964293479919
6,βarr1,P32121,P40123,36834700,CAP2,0.04985112696886,0.311003744602203,0.238962650299072,0.241260766983032,0.1170951575040817
7,βarr1,P32121,Q9C0J8,36834700,WDR33,0.04985112696886,0.311003744602203,0.868471622467041,0.7702869176864621,0.5839389562606812
8,βarr1,P32121,Q7L7X3,36834700,TAOK1,0.04985112696886,0.311003744602203,0.8428133726119991,0.9514271616935732,0.4775146543979645
9,βarr1,P32121,Q9Y5X1,36834700,SNX9,0.04985112696886,0.311003744602203,0.7916758656501771,0.7847633361816401,0.5940753817558289
10,βarr1,P32121,Q96P48,36834700,ARAP1,0.04985112696886,0.311003744602203,0.6250984668731691,0.813811182975769,0.4818914830684662
