,Bait Gene,Bait_uniprot,Prey_uniprot,article,Prey Gene,Bait_SaPS-10fea,Bait_PdPS-10fea,Prey_SaPS-10fea,Prey_PdPS-10fea,cos.sim
0,DDX1,Q92499,Q13616,29395067,CUL1,0.388328939676284,0.785437881946563,0.101843871176242,0.418623507022857,0.5394812226295471
1,DDX1,Q92499,Q8NB46,29395067,ANKRD52,0.388328939676284,0.785437881946563,0.101906910538673,0.22405306994915,0.5751493573188782
2,DDX1,Q92499,Q6P3S6,29395067,FBXO42,0.388328939676284,0.785437881946563,0.487822622060775,0.7317566275596611,0.3700105249881744
3,DDX1,Q92499,P12277,29395067,CKB,0.388328939676284,0.785437881946563,0.6402564644813531,0.937458395957946,0.3769511580467224
4,DDX1,Q92499,P49257,29395067,LMAN1,0.388328939676284,0.785437881946563,0.123427435755729,0.393225967884063,0.5167454481124878
5,DDX1,Q92499,Q9H6R7,29395067,WDCP,0.388328939676284,0.785437881946563,0.132377058267593,0.234333470463752,0.5917531847953796
