,Bait Gene,Bait_uniprot,Prey_uniprot,article,Prey Gene,Bait_SaPS-10fea,Bait_PdPS-10fea,Prey_SaPS-10fea,Prey_PdPS-10fea,cos.sim
0,STRAP,Q9Y3F4,P78371,29395067,CCT2,0.288939893245697,0.477603584527969,0.559201598167419,0.400547325611114,0.4247060418128967
1,STRAP,Q9Y3F4,O95985,29395067,TOP3B,0.288939893245697,0.477603584527969,0.050743639469146,0.062615826725959,0.5718863606452942
2,STRAP,Q9Y3F4,Q8TE02,29395067,ELP5,0.288939893245697,0.477603584527969,0.059705846011638,0.067671783268451,0.2699815034866333
3,STRAP,Q9Y3F4,Q9H7E2,29395067,TDRD3,0.288939893245697,0.477603584527969,0.8975397944450371,0.883250415325164,0.4140761494636535
4,STRAP,Q9Y3F4,Q99832,29395067,CCT7,0.288939893245697,0.477603584527969,0.396182566881179,0.239197224378585,0.3749063611030578
5,STRAP,Q9Y3F4,Q01844,29395067,EWSR1,0.288939893245697,0.477603584527969,0.916039943695068,0.7953471541404721,0.4497711062431335
6,STRAP,Q9Y3F4,Q92900,29395067,UPF1,0.288939893245697,0.477603584527969,0.747238278388977,0.7646963596343991,0.469851016998291
