Bait Gene,Bait_uniprot,Prey_uniprot,article,Prey Gene,Bait_SaPS-10fea,Bait_PdPS-10fea,Prey_SaPS-10fea,Prey_PdPS-10fea,cos.sim
ETF1,P62495,O95985,29395067,TOP3B,0.09626777470111801,0.571524500846862,0.05074363946914601,0.062615826725959,0.34068790078163147
ETF1,P62495,Q99460,29395067,PSMD1,0.09626777470111801,0.571524500846862,0.202228635549545,0.215206310153007,0.5265398025512695
ETF1,P62495,Q15008,29395067,PSMD6,0.09626777470111801,0.571524500846862,0.06280018389225,0.28034189343452404,0.5559430122375488
ETF1,P62495,O43396,29395067,TXNL1,0.09626777470111801,0.571524500846862,0.280564069747924,0.82830411195755,0.4690200686454773
ETF1,P62495,P55072,29395067,VCP,0.09626777470111801,0.571524500846862,0.809028446674346,0.962984383106231,0.500501811504364
ETF1,P62495,Q96HS1,29395067,PGAM5,0.09626777470111801,0.571524500846862,0.05107324570417401,0.134116306900978,0.368050754070282
ETF1,P62495,Q659C4,29395067,LARP1B,0.09626777470111801,0.571524500846862,0.902065575122833,0.8965162038803101,0.39185354113578796
ETF1,P62495,Q92900,29395067,UPF1,0.09626777470111801,0.571524500846862,0.747238278388977,0.7646963596343991,0.44758129119873047
