Bait Gene,Bait_uniprot,Prey_uniprot,article,Prey Gene,Bait_SaPS-10fea,Bait_PdPS-10fea,Prey_SaPS-10fea,Prey_PdPS-10fea,cos.sim
TRIP13,Q15645,P84098,36552858,RPL19,0.131752580404281,0.09561273455619801,0.747613489627838,0.8564189076423641,0.4032183587551117
TRIP13,Q15645,P25789,36552858,PSMA4,0.131752580404281,0.09561273455619801,0.8669969439506531,0.7802849411964411,0.3148404359817505
TRIP13,Q15645,P49773,36552858,HINT1,0.131752580404281,0.09561273455619801,0.267167627811431,0.19167335331439903,0.3019333481788635
TRIP13,Q15645,P05455,36552858,SSB,0.131752580404281,0.09561273455619801,0.7526218295097351,0.8608263731002801,0.5179795026779175
TRIP13,Q15645,P46060,36552858,RANGAP1,0.131752580404281,0.09561273455619801,0.35446065664291304,0.45731180906295704,0.4903438985347748
TRIP13,Q15645,P19623,36552858,SRM,0.131752580404281,0.09561273455619801,0.086182340979576,0.09100192040205,0.42428454756736755
TRIP13,Q15645,P05386,36552858,RPLP1,0.131752580404281,0.09561273455619801,0.251298069953918,0.256556451320648,0.4338003695011139
TRIP13,Q15645,P27695,36552858,APEX1,0.131752580404281,0.09561273455619801,0.671164393424987,0.82747733592987,0.46679601073265076
TRIP13,Q15645,Q9P258,36552858,RCC2,0.131752580404281,0.09561273455619801,0.8115414381027221,0.6175023913383481,0.4983496069908142
TRIP13,Q15645,P38919,36552858,EIF4A3,0.131752580404281,0.09561273455619801,0.175627097487449,0.216653198003768,0.46505850553512573
TRIP13,Q15645,Q9Y3I0,36552858,RTCB,0.131752580404281,0.09561273455619801,0.05891989544034001,0.30335909128189004,0.4663519859313965
TRIP13,Q15645,P02786,36552858,TFRC,0.131752580404281,0.09561273455619801,0.639575600624084,0.6523411870002741,0.34308797121047974
TRIP13,Q15645,P05783,36552858,KRT18,0.131752580404281,0.09561273455619801,0.8624944686889641,0.9377136230468751,0.45825815200805664
TRIP13,Q15645,P17980,36552858,PSMC3,0.131752580404281,0.09561273455619801,0.312709242105484,0.594579577445983,0.0976259857416153
